protein_code,chain_code,uniprot,auth_start,auth_end,uniprot_start,uniprot_end
5n2s,A,P0ABE7,1002,1104,22,127
5n2s,A,P30542,1111,1400,6,295
7ym8,A,P35348,24,341,24,341
7ymh,A,P35348,25,341,25,341
7ymj,A,P35348,24,343,24,343
6kux,A,P08913,29,227,44,242
6kux,A,P08913,365,443,380,458
6kuy,A,P08913,33,227,48,242
6kuy,A,P08913,365,443,380,458
4gbr,A,P07550,29,235,29,235
4gbr,A,P07550,236,314,264,342
5v54,A,P28222,38,388,38,388
5v54,B,P28222,37,388,37,388
7c61,A,P28222,38,239,38,239
7c61,A,P28222,350,422,310,382
7wc4,A,P28223,67,403,67,403
7wc5,A,P28223,67,403,67,403
7wc6,A,P28223,74,403,74,403
7wc7,A,P28223,71,401,71,401
7wc8,A,P28223,70,403,70,403
7wc9,A,P28223,71,401,71,401
7xt8,R,Q13639,18,328,19,329
7xt9,R,Q13639,18,328,19,329
7xta,R,Q13639,18,328,19,329
6cm4,A,P14416,35,442,35,442
5wiu,A,P21917,34,227,34,227
5wiu,A,P21917,383,462,335,414
5wiv,A,P21917,32,227,32,227
5wiv,A,P21917,383,464,335,416
8pok,A,P25021,19,304,13,298
8fyn,A,P29274,-1,307,-1,307
7tuy,R,P32249,24,225,24,225
7tuy,R,P32249,226,310,236,320
6rz4,A,Q9Y271,11,300,11,300
6rz5,B,Q9Y271,13,299,13,299
8j23,A,O15552,4,148,4,148
8j23,A,O15552,162,274,163,275
5zkq,A,P25105,4,297,4,297
5zkp,A,P25105,6,315,6,315
3v2w,A,P21453,17,325,17,325
3v2y,A,P21453,16,330,16,330
5t1a,A,P41597,37,320,37,320
7f1q,R,P51681,113,409,17,313
7f1r,R,P51681,128,408,33,313
6qzh,A,P32248,52,341,52,341
8u1u,A,P51685,115,410,19,314
7xbx,R,P49238,124,410,22,308
3oe8,C,P61073,27,305,27,305
3oe9,B,P61073,35,303,35,303
6do1,B,P30556,9,231,9,231
6do1,B,P30556,333,416,234,317
6os1,A,P30556,11,226,11,226
6os1,A,P30556,1230,1318,230,318
6os2,A,P30556,11,226,11,226
6os2,A,P30556,1230,1318,230,318
6c1q,B,P21730,118,410,32,324
5gli,A,P24530,85,403,85,403
7f83,B,Q92847,35,340,35,340
7y1f,R,P41145,158,441,56,339
6j20,A,P25103,25,321,25,321
6j21,A,P25103,25,321,25,321
5zbh,A,P25929,31,339,31,339
5vew,B,P43220,136,422,136,422
5vex,B,P43220,136,422,136,422
6kjv,B,P43220,136,422,136,422
6kk1,B,P43220,136,422,136,422
6kk7,B,P43220,136,422,136,422
6ln2 ,A,P43220,29,257,29,257
6ln2 ,A,P43220,262,421,262,421
7sf8,A,Q9Y653,383,428,383,429
7sf8,A,Q9Y653,430,657,436,663
8jmt,A,Q9HAR2,861,1036,861,1036
8jmt,A,Q9HAR2,1147,1219,1048,1120
9gl2,R,P08908,34,415,34,415
9dye,R,P08908,35,415,35,415
9as7,A,P28223,79,393,79,393
9ary,A,P28223,79,390,79,390
9as3,A,P28223,84,393,84,393
9as4,A,P28223,84,393,84,393
9as8,A,P28223,79,393,79,393
6w2y,B,Q9UBS5,49,744,166,861
9ayf,R,P41180,21,877,21,877
7ydh,R,P48960,530,804,530,804
7ydj,R,P48960,530,804,530,804
7ydm,R,P48960,530,804,530,804
7ydp,R,P48960,530,804,530,804
8ikj,R,P48960,258,801,258,801
8ikl,R,P48960,531,801,531,801
9jfy,R,Q9Y5X5,30,342,132,444
8ynt,R,Q99705,107,304,107,304
8ynt,R,Q99705,409,489,316,396
8yns,R,Q99705,107,304,107,304
8yns,R,Q99705,409,489,316,396
8y02,R,P03999,37,315,34,312
8itl,R,P48546,88,379,124,415
8itm,R,P48546,63,354,124,415
6orv,RP,P43220,137,423,137,423
6w2x,A,Q9UBS5,49,747,166,864
6w2y,A,Q9UBS5,49,744,166,861
6wiv,A,Q9UBS5,48,747,165,864
7f6g,A,P30556,11,320,11,320
8iru,R,P21917,32,413,32,413
9bhl,R,Q8IYL9,5,305,5,305
9bi6,R,Q15743,13,297,13,297
8z68,R,Q15743,13,297,13,297
8z5h,R,Q15743,12,297,12,297
9jft,R,Q8IYL9,8,299,8,299
8z3o,R,Q15743,12,297,12,297
9bhm,R,Q15743,13,294,13,294
6iql,A,P51436,31,218,31,218
6iql,A,P51436,304,378,304,378
5zhp,A,P08483,63,259,63,259
5zhp,A,P08483,482,560,482,560
